{"apples":0,"bananas":0,"purplegifts":0,"greengifts":0,"name":"newpet","type":"Laboon","state":"sleeping","health":63.45000000000094,"hunger":0.0,"happiness":33.45000000000378,"sleep":17.150000000001516,"score":0}