{"apples":1,"bananas":1,"purplegifts":1,"greengifts":1,"name":"jfjfg","type":"Laboon","state":"normal","health":100.0,"hunger":34.79999999999981,"happiness":82.40000000000038,"sleep":34.79999999999981,"score":15}