{"apples":0,"bananas":0,"purplegifts":0,"greengifts":0,"name":"pet1","type":"Chopper","state":"normal","health":100.0,"hunger":53.60000000000264,"happiness":22.20000000000124,"sleep":7.2000000000013955,"score":15}